<?xml version="1.0" encoding="utf-8"?>
<!-- DISCLAIMER: All persons listed below are fictitious -->
<VoterRecordsRequest xmlns:xsd="http://www.w3.org/2001/XMLSchema" xmlns:xsi="http://www.w3.org/2001/XMLSchema-instance" xmlns="NIST_V0_voter_records_interchange.xsd" xsi:schemaLocation="NIST_V0_voter_records_interchange.xsd file:///F:/IT/DEV/Current%20Project%20Documents/IEEE%201622/OVF%20CDF/NIST_V0_voter_records_interchange.xsd">
	<VoterRegistration>
		<VoterId>
			<AttestNoSuchId>false</AttestNoSuchId>
			<StringValue>AA123456</StringValue>
			<Type>drivers-license</Type>
		</VoterId>
		<VoterId>
			<AttestNoSuchId>false</AttestNoSuchId>
			<StringValue>1234</StringValue>
			<Type>ssn4</Type>
		</VoterId>
		<Name>
			<FirstName>JASON</FirstName>
			<LastName>DAVIS</LastName>
			<MiddleName>L</MiddleName>
			<Suffix>SR</Suffix>
		</Name>
		<VoterClassification>
			<Assertion>true</Assertion>
			<Type>18-on-election-day</Type>
		</VoterClassification>
		<VoterClassification>
			<Assertion>true</Assertion>
			<Type>united-states-citizen</Type>
		</VoterClassification>
		<VoterClassification>
			<Assertion>true</Assertion>
			<OtherType>ohio-resident</OtherType>
			<Type>other</Type>
		</VoterClassification>
		<VoterClassification>
			<Assertion>true</Assertion>
			<OtherType>bmv-authorization</OtherType>
			<Type>other</Type>
		</VoterClassification>		
		<DateOfBirth>1959-01-24</DateOfBirth>		
		<RegistrationAddress>
			<NumberedThoroughfareAddress_type>
				<CompleteAddressNumber xmlns="http://www.fgdc.gov/schemas/address/addr">
					<AddressNumber xmlns="http://www.fgdc.gov/schemas/address/addr_type">1349</AddressNumber>
				</CompleteAddressNumber>
				<CompleteStreetName xmlns="http://www.fgdc.gov/schemas/address/addr">
					<StreetNamePreDirectional xmlns="http://www.fgdc.gov/schemas/address/addr_type"/>
					<StreetName xmlns="http://www.fgdc.gov/schemas/address/addr_type">TALLMADGE</StreetName>
					<StreetNamePostType xmlns="http://www.fgdc.gov/schemas/address/addr_type">AVE</StreetNamePostType>
					<StreetNamePostDirectional xmlns="http://www.fgdc.gov/schemas/address/addr_type"/>
				</CompleteStreetName>
				<CompleteSubaddress xmlns="http://www.fgdc.gov/schemas/address/addr">
					<SubaddressElement xmlns="http://www.fgdc.gov/schemas/address/addr_type">
						<SubaddressType/>
						<SubaddressIdentifier/>
					</SubaddressElement>
				</CompleteSubaddress>
				<CompletePlaceName xmlns="http://www.fgdc.gov/schemas/address/addr_type">
					<PlaceName PlaceNameType="MunicipalJurisdiction">AKRON</PlaceName>
					<PlaceName PlaceNameType="County">SUMMIT </PlaceName>
				</CompletePlaceName>
				<StateName xmlns="http://www.fgdc.gov/schemas/address/addr_type">OH</StateName>
				<ZipCode xmlns="http://www.fgdc.gov/schemas/address/addr_type">44310</ZipCode>
			</NumberedThoroughfareAddress_type>
		</RegistrationAddress>
		<RegistrationMethod>voter-via-mail</RegistrationMethod>
	</VoterRegistration>
	<GeneratedDate>2017-02-06</GeneratedDate>
	<Issuer>Ohio Secretary of State</Issuer>
	<TransactionId>d885c274-6873-4873-b61d-f760f47c0c1f</TransactionId>
	<Type>registration</Type>
	<VendorApplicationId>OLVR 2.0</VendorApplicationId>
</VoterRecordsRequest>
